id,product_id,title,price,grams,taxable,created_at,updated_at
40011,4001,Oak Sample,15.00,200,true,2026-01-10 09:00:00,2026-01-10 09:00:00
40012,4001,Walnut Sample,20.00,200,true,2026-01-10 09:00:00,2026-01-10 09:00:00
40021,4002,Standard 2400x1200,120.00,15000,true,2026-02-15 10:00:00,2026-02-15 10:00:00
40022,4002,Large 3000x1200,160.00,19000,true,2026-02-15 10:00:00,2026-02-15 10:00:00
40031,4003,Brushed Brass,12.50,80,true,2026-03-20 11:00:00,2026-03-20 11:00:00
40032,4003,Antique Brass,13.50,80,true,2026-03-20 11:00:00,2026-03-20 11:00:00
40041,4004,Square Legs,180.00,8000,true,2026-04-05 14:00:00,2026-04-05 14:00:00
40042,4004,Round Tapered Legs,210.00,7000,true,2026-04-05 14:00:00,2026-04-05 14:00:00
40051,4005,Grey Felt 10m Roll,85.00,5000,true,2026-05-12 15:30:00,2026-05-12 15:30:00
